Datetime,Water Level (m)
2025-07-14 18:00:00,0.8152917
2025-07-14 19:00:00,0.68473417
2025-07-14 20:00:00,0.46226335
2025-07-14 21:00:00,0.19984657
2025-07-14 22:00:00,-0.031464424
2025-07-14 23:00:00,-0.15552413
2025-07-15 00:00:00,-0.13564178
2025-07-15 01:00:00,0.03193262
2025-07-15 02:00:00,0.3094509
2025-07-15 03:00:00,0.64451176
2025-07-15 04:00:00,0.9376281
2025-07-15 05:00:00,1.100683
2025-07-15 06:00:00,1.1245822
2025-07-15 07:00:00,0.99720436
2025-07-15 08:00:00,0.75466776
2025-07-15 09:00:00,0.44552436
2025-07-15 10:00:00,0.15193689
2025-07-15 11:00:00,-0.073086746
2025-07-15 12:00:00,-0.16951182
2025-07-15 13:00:00,-0.12711589
2025-07-15 14:00:00,0.05445175
2025-07-15 15:00:00,0.31740272
2025-07-15 16:00:00,0.5958737
2025-07-15 17:00:00,0.7957181
2025-07-15 18:00:00,0.87795323
2025-07-15 19:00:00,0.8289427
2025-07-15 20:00:00,0.6673272
2025-07-15 21:00:00,0.4290178
2025-07-15 22:00:00,0.18148689
2025-07-15 23:00:00,-0.0058611934
2025-07-16 00:00:00,-0.082250275
2025-07-16 01:00:00,-0.030826703
2025-07-16 02:00:00,0.14501692
2025-07-16 03:00:00,0.42032632
2025-07-16 04:00:00,0.7135992
2025-07-16 05:00:00,0.9486067
2025-07-16 06:00:00,1.0695117
2025-07-16 07:00:00,1.0527921
2025-07-16 08:00:00,0.8999579
2025-07-16 09:00:00,0.6554371
2025-07-16 10:00:00,0.38603133
2025-07-16 11:00:00,0.10746174
2025-07-16 12:00:00,-0.07544157
2025-07-16 13:00:00,-0.13136302
2025-07-16 14:00:00,-0.060256314
2025-07-16 15:00:00,0.120803
2025-07-16 16:00:00,0.38708717
2025-07-16 17:00:00,0.64388317
2025-07-16 18:00:00,0.8186794
2025-07-16 19:00:00,0.8865116
2025-07-16 20:00:00,0.84328175
2025-07-16 21:00:00,0.67927235
2025-07-16 22:00:00,0.44753563
2025-07-16 23:00:00,0.22947478
2025-07-17 00:00:00,0.06895233
2025-07-17 01:00:00,0.00028524434
2025-07-17 02:00:00,0.05983262
2025-07-17 03:00:00,0.23099665
2025-07-17 04:00:00,0.46520224
2025-07-17 05:00:00,0.70792955
2025-07-17 06:00:00,0.89508
2025-07-17 07:00:00,0.96258456
2025-07-17 08:00:00,0.9076584
2025-07-17 09:00:00,0.7402149
2025-07-17 10:00:00,0.49468935
2025-07-17 11:00:00,0.21217419
2025-07-17 12:00:00,-0.023274777
2025-07-17 13:00:00,-0.16581428
2025-07-17 14:00:00,-0.1900291
2025-07-17 15:00:00,-0.09691633
2025-07-17 16:00:00,0.10605226
2025-07-17 17:00:00,0.3641246
2025-07-17 18:00:00,0.59569305
2025-07-17 19:00:00,0.76296246
2025-07-17 20:00:00,0.8309407
2025-07-17 21:00:00,0.7900782
2025-07-17 22:00:00,0.65016687
2025-07-17 23:00:00,0.4579028
2025-07-18 00:00:00,0.2653768
2025-07-18 01:00:00,0.11833492
2025-07-18 02:00:00,0.07028709
2025-07-18 03:00:00,0.11863863
2025-07-18 04:00:00,0.26420814
2025-07-18 05:00:00,0.46776772
2025-07-18 06:00:00,0.6810108
2025-07-18 07:00:00,0.8234465
2025-07-18 08:00:00,0.8655868
2025-07-18 09:00:00,0.8140582
2025-07-18 10:00:00,0.66043234
2025-07-18 11:00:00,0.43527058
2025-07-18 12:00:00,0.19538203
2025-07-18 13:00:00,0.0021704778
2025-07-18 14:00:00,-0.12128987
2025-07-18 15:00:00,-0.13703302
2025-07-18 16:00:00,-0.047288746
2025-07-18 17:00:00,0.14849332
2025-07-18 18:00:00,0.38875043
2025-07-18 19:00:00,0.6168602
2025-07-18 20:00:00,0.7864344
2025-07-18 21:00:00,0.85902774
2025-07-18 22:00:00,0.8375957
2025-07-18 23:00:00,0.7216054
2025-07-19 00:00:00,0.5503995
2025-07-19 01:00:00,0.37042493
2025-07-19 02:00:00,0.24173056
2025-07-19 03:00:00,0.1756022
2025-07-19 04:00:00,0.19827166
2025-07-19 05:00:00,0.3008179
2025-07-19 06:00:00,0.46524855
2025-07-19 07:00:00,0.6257171
2025-07-19 08:00:00,0.74332166
2025-07-19 09:00:00,0.78889936
2025-07-19 10:00:00,0.75810444
2025-07-19 11:00:00,0.62906295
2025-07-19 12:00:00,0.43734255
2025-07-19 13:00:00,0.21923481
2025-07-19 14:00:00,0.034199934
2025-07-19 15:00:00,-0.08123111
2025-07-19 16:00:00,-0.1013717
2025-07-19 17:00:00,-0.020906193
2025-07-19 18:00:00,0.14895366
2025-07-19 19:00:00,0.38490152
2025-07-19 20:00:00,0.6135847
2025-07-19 21:00:00,0.7840113
2025-07-19 22:00:00,0.89203614
2025-07-19 23:00:00,0.90096104
2025-07-20 00:00:00,0.8104096
2025-07-20 01:00:00,0.65168065
2025-07-20 02:00:00,0.47551328
2025-07-20 03:00:00,0.33277935
2025-07-20 04:00:00,0.22671776
2025-07-20 05:00:00,0.20049465
2025-07-20 06:00:00,0.26890662
2025-07-20 07:00:00,0.3997528
2025-07-20 08:00:00,0.5379028
2025-07-20 09:00:00,0.65816486
2025-07-20 10:00:00,0.72548944
2025-07-20 11:00:00,0.72079146
2025-07-20 12:00:00,0.622491
2025-07-20 13:00:00,0.45818862
2025-07-20 14:00:00,0.25675574
2025-07-20 15:00:00,0.077343576
2025-07-20 16:00:00,-0.050946984
2025-07-20 17:00:00,-0.09680517
2025-07-20 18:00:00,-0.03910495
